{"cameraMode":{"drawMode":0,"name":"Shaded","section":"Shading Mode"},"sceneLighting":true,"audioPlay":false,"sceneViewState":{"m_AlwaysRefresh":false,"showFog":true,"showSkybox":true,"showFlares":true,"showImageEffects":true,"showParticleSystems":true,"showVisualEffectGraphs":true,"m_FxEnabled":true},"in2DMode":false,"pivot":{"x":0.14248470962047578,"y":1.6657758951187134,"z":-3.89687180519104},"rotation":{"x":-0.09960319846868515,"y":0.030946040526032449,"z":-0.003073175437748432,"w":-0.9946070313453674},"size":0.45763683319091799,"orthographic":false}