{"cameraMode":{"drawMode":0,"name":"Shaded","section":"Shading Mode"},"sceneLighting":true,"audioPlay":false,"sceneViewState":{"m_AlwaysRefresh":false,"showFog":true,"showSkybox":true,"showFlares":true,"showImageEffects":true,"showParticleSystems":true,"showVisualEffectGraphs":true,"m_FxEnabled":true},"in2DMode":false,"pivot":{"x":187.97544860839845,"y":6.8971967697143559,"z":304.9931335449219},"rotation":{"x":-0.04279424622654915,"y":0.017088105902075769,"z":-0.00069838558556512,"w":-0.9990150332450867},"size":150.1616973876953,"orthographic":false}